{
	"powers": [
		"valorant:omen/shrouded_step",
                "valorant:omen/paranoia",
                "valorant:omen/dark_cover",
                "valorant:omen/from_the_shadows",
	],
	"icon": "minecraft:wither_skeleton_skull",
	"order": 10,
	"impact": 2,
	"name": "Omen",
	"description": "A phantom of a memory, Omen hunts in the shadows.  He renders enemies blind, teleports across the field, then lets paranoia take hold as his foe scrambles to learn where he might strike next."
}