{
    "type": "origins:conditioned_attribute",
    "modifier": {
        "name": "Origin modifier",
        "attribute": "generic.movement_speed",
        "value": -0.3,
        "operation": "addition"
    },
    "condition": {
        "type": "origins:equipped_item",
        "equipment_slot": "head",
        "item_condition": {
            "type": "origins:ingredient",
            "ingredient": {
                "tag": "rpgorigins:helmet"
            }
        }
    },
    "name": "Hatless",
    "description": "Agents feel helmets are irrelevant which makes them prone to flashes."
}